Epoch,Loss_l,Top1_l,Top5_l,Loss_t,Top1_t,Top5_t
0,3.8748,0.1016,0.3089,3.4945,0.17010000000000003,0.4263
1,3.2647,0.19949999999999998,0.4882,3.1202,0.2357,0.5294
2,2.8728,0.2693,0.5872999999999999,2.8535,0.2868,0.6008
3,2.5578,0.33490000000000003,0.6626000000000001,2.5455,0.3508,0.6643000000000001
4,2.308,0.39130000000000004,0.7132,2.3375,0.3961,0.7145999999999999
